{
  "pos_group": "F",
  "test_season": 20202021,
  "n_train": 713,
  "n_test": 366,
  "train_class_counts": {
    "0": 364,
    "1": 268,
    "2": 81
  },
  "test_class_counts": {
    "0": 199,
    "1": 120,
    "2": 47
  },
  "baseline_majority_class": 0,
  "baseline_accuracy": 0.5437158469945356,
  "model_accuracy": 0.6584699453551912,
  "log_loss": 0.7648740207785266,
  "confusion_matrix_rows_true_cols_pred_0_1_2": [
    [
      139,
      56,
      4
    ],
    [
      27,
      87,
      6
    ],
    [
      6,
      26,
      15
    ]
  ]
}