Temporal ROC AUC,Temporal Accuracy,Temporal Brier,Temporal LogLoss
0.563846041232897,0.5415396341463414,0.24678466750418437,0.6866146854602638
